{"music":0.20000001788139344,"sfx":0.30000001192092898,"difficult":1,"progress":1,"death_progress":1}