{"music":0.30000001192092898,"sfx":0.4000000059604645,"difficult":1,"progress": 0, "death_progress": 0}