{"music":-0.09999998658895493,"sfx":1.4901161193847657e-8,"difficult":1,"progress":1,"death_progress":1}