{"music":-0.09999998658895493,"sfx":-0.09999998658895493,"difficult":1,"progress":1,"death_progress":0}