{"music":0.4000000059604645,"sfx":1.0000001192092896,"difficult":1}