{"music":1.0000001192092896,"sfx":1.0000001192092896,"difficult":1,"progress":1,"death_progress":1}