{"music":1.0000001192092896,"sfx":0.7000000476837158,"difficult":1}